BarcodeSequence,LinkerPrimerSequence,Host,Amp_Well_Plate,MSQ,PI,Description,Level1,Sequencing.run,Diagnosis,LibrarySize,Index
ACTCCCGTGTGA,CCGGACTACHVGGGTWTCTAAT,Human,309_16,MSQ139,Phil,BAL,Controls,MSQ139,COVID,4,1
TGACTAATGGCC,CCGGACTACHVGGGTWTCTAAT,Human,309_3,MSQ139,Phil,BAL,Controls,MSQ139,COVID,5,2
ATGCTGCAACAC,CCGGACTACHVGGGTWTCTAAT,Human,309_10,MSQ139,Phil,BAL,Controls,MSQ139,COVID,5,3
GGTGAGCAAGCA,CCGGACTACHVGGGTWTCTAAT,Human,309_7,MSQ139,Phil,BAL,Controls,MSQ139,COVID,18,4
TGATGTGCTAAG,CCGGACTACHVGGGTWTCTAAT,Human,309_5,MSQ139,Phil,BAL,Controls,MSQ139,COVID,22,5
CGTATAAATGCG,CCGGACTACHVGGGTWTCTAAT,Human,309_2,MSQ139,Phil,BAL,Controls,MSQ139,COVID,34,6
GTAGTAGACCAT,CCGGACTACHVGGGTWTCTAAT,Human,309_13,MSQ139,Phil,BAL,Controls,MSQ139,COVID,78,7
AGCCTTCGTCGC,CCGGACTACHVGGGTWTCTAAT,Human,309_1,MSQ139,Phil,BAL,Controls,MSQ139,COVID,853,8
CCGGACAAGAAG,CCGGACTACHVGGGTWTCTAAT,Human,309_14,MSQ139,Phil,BAL,Controls,MSQ139,COVID,1268,9
CTGTCTATACTA,CCGGACTACHVGGGTWTCTAAT,Human,309_19,MSQ139,Phil,BAL,Controls,MSQ139,COVID,1637,10
TCCAGGGCTATA,CCGGACTACHVGGGTWTCTAAT,Human,157_35,82,Philip,BAL,Controls,MSQ82,Adenocarcinoma,6498,11
GATCTAATCGAG,CCGGACTACHVGGGTWTCTAAT,Human,157_12,82,Philip,BAL,Controls,MSQ82,healthy,7153,12
TCGGTCCATAGC,CCGGACTACHVGGGTWTCTAAT,Human,157_47,82,Philip,BAL,Controls,MSQ82,healthy,7681,13
TGCCGCCGTAAT,CCGGACTACHVGGGTWTCTAAT,Human,157_46,82,Philip,BAL,Controls,MSQ82,healthy,7784,14
GTAGTGTCAACA,CCGGACTACHVGGGTWTCTAAT,Human,157_73,82,Philip,BAL,Controls,MSQ82,Aspiration no fibrois,9210,15
GACTCAACCAGT,CCGGACTACHVGGGTWTCTAAT,Human,157_10,82,Philip,BAL,Controls,MSQ82,healthy,14556,16
TTGGACGTCCAC,CCGGACTACHVGGGTWTCTAAT,Human,157_27,82,Philip,BAL,Controls,MSQ82,healthy,15269,17
CGCGGCGCAGCT,CCGGACTACHVGGGTWTCTAAT,Human,21084,MSQ104,Phil,BAL,Control,MSQ104,healthy,19199,18
TGTCCGTGGATC,CCGGACTACHVGGGTWTCTAAT,Human,157_33,82,Philip,BAL,Controls,MSQ82,healthy,20187,19
GGCCTATAAGTC,CCGGACTACHVGGGTWTCTAAT,Human,21083,MSQ104,Phil,BAL,Control,MSQ104,healthy,23440,20
CGCTGGCTTTAG,CCGGACTACHVGGGTWTCTAAT,Human,21062,MSQ104,Phil,BAL,Control,MSQ104,healthy,24478,21
ATGTATCAATTA,CCGGACTACHVGGGTWTCTAAT,Human,21061,MSQ104,Phil,BAL,Control,MSQ104,healthy,25454,22
ATCGATCCACAG,CCGGACTACHVGGGTWTCTAAT,Human,157_26,82,Philip,BAL,Controls,MSQ82,healthy,25866,23
ATGGGACCTTCA,CCGGACTACHVGGGTWTCTAAT,Human,156_ 15,81,Philip,BAL,Controls,MSQ81,Eosinophilc Pneumonia,25871,24
TCACTTGGTGCG,CCGGACTACHVGGGTWTCTAAT,Human,155_11,81,Philip,BAL,Controls,MSQ81,Bronchiectasis,25991,25
AATATCGGGATC,CCGGACTACHVGGGTWTCTAAT,Human,156_ 84,81,Philip,BAL,Controls,MSQ81,Bronchiectasis,27339,26
CATCTGGGCAAT,CCGGACTACHVGGGTWTCTAAT,Human,155_25,81,Philip,BAL,Controls,MSQ81,Antiphospholipid Syndrome,28445,27
CACGTTTATTCC,CCGGACTACHVGGGTWTCTAAT,Human,157_55,82,Philip,BAL,Controls,MSQ82,healthy,28979,28
GGAAATCCCATC,CCGGACTACHVGGGTWTCTAAT,Human,157_28,82,Philip,BAL,Controls,MSQ82,healthy,29627,29
ACACCGCACAAT,CCGGACTACHVGGGTWTCTAAT,Human,157_34,82,Philip,BAL,Controls,MSQ82,healthy,30299,30
TTCCCTTCTCCG,CCGGACTACHVGGGTWTCTAAT,Human,155_22,81,Philip,BAL,Controls,MSQ81,COPD,31513,31
TTCCACACGTGG,CCGGACTACHVGGGTWTCTAAT,Human,157_57,82,Philip,BAL,Controls,MSQ82,COPD,33285,32
TCACTTGGTGCG,CCGGACTACHVGGGTWTCTAAT,Human,157_11,82,Philip,BAL,Controls,MSQ82,healthy,35462,33
CAAATGGTCGTC,CCGGACTACHVGGGTWTCTAAT,Human,21069,MSQ104,Phil,BAL,Control,MSQ104,healthy,36000,34
TTACGTGGCGAT,CCGGACTACHVGGGTWTCTAAT,Human,157_56,82,Philip,BAL,Controls,MSQ82,Bronchiectasis,36202,35
CCAGTATCGCGT,CCGGACTACHVGGGTWTCTAAT,Mice,144_ 14,74,Philip,BAL,Controls,MSQ75,Post infective,40220,36
ATCGGGCTTAAC,CCGGACTACHVGGGTWTCTAAT,Human,155_59,81,Philip,BAL,Controls,MSQ81,Empysema,40313,37
GTCGGAAATTGT,CCGGACTACHVGGGTWTCTAAT,Mice,143_9,74,Philip,BAL,Controls,MSQ75,healthy,43515,38
CTCAAGTCAAAG,CCGGACTACHVGGGTWTCTAAT,Mice,144_ 70,74,Philip,BAL,Controls,MSQ75,COPD,43741,39
GAAACGGAAACG,CCGGACTACHVGGGTWTCTAAT,Human,157_63,82,Philip,BAL,Controls,MSQ82,healthy,44824,40
CAGCTGGTTCAA,CCGGACTACHVGGGTWTCTAAT,Human,21070,MSQ104,Phil,BAL,Control,MSQ104,healthy,45741,41
CGTGGTGGGAAC,CCGGACTACHVGGGTWTCTAAT,Human,21058,MSQ104,Phil,BAL,Control,MSQ104,healthy,49395,42
GTTATGACGGAT,CCGGACTACHVGGGTWTCTAAT,Mice,144_ 3,74,Philip,BAL,Controls,MSQ75,Bronchiectasis,49817,43
AAGCCGGGTCCG,CCGGACTACHVGGGTWTCTAAT,Human,21085,MSQ104,Phil,BAL,Control,MSQ104,healthy,50802,44
GTAGCACTCATG,CCGGACTACHVGGGTWTCTAAT,Mice,143_50,74,Philip,BAL,Controls,MSQ75,Asthma,54308,45
CTTTGATAATAA,CCGGACTACHVGGGTWTCTAAT,Human,21072,MSQ104,Phil,BAL,Control,MSQ104,healthy,62111,46
TCATACAGCCAG,CCGGACTACHVGGGTWTCTAAT,Human,21060,MSQ104,Phil,BAL,Control,MSQ104,healthy,66335,47
AGACAGTAGGAG,CCGGACTACHVGGGTWTCTAAT,Human,21063,MSQ104,Phil,BAL,Control,MSQ104,healthy,74675,48
ATAGACACTCCG,CCGGACTACHVGGGTWTCTAAT,Human,21071,MSQ104,Phil,BAL,Control,MSQ104,healthy,79061,49
AACCTCGGATAA,CCGGACTACHVGGGTWTCTAAT,Human,157_54,82,Philip,BAL,Controls,MSQ82,healthy,1339062,50
