"","Kingdom","Phylum","Class","Order","Family","Genus","Species"
"8f2b20d0abbab28a8bc5c98e919a5123","Bacteria","SR1",NA,NA,NA,NA,NA
"8331f378da81b7b95ceb5501aed6579c","Bacteria","SR1",NA,NA,NA,NA,NA
"b9d28e419d4cefcb09d06d5cb6c1db55","Bacteria","SR1",NA,NA,NA,NA,NA
"d42764903b40c6be1928b03652e7f1d6","Bacteria","Nitrospirae","Nitrospira","Nitrospirales","Nitrospiraceae","Nitrospira",NA
"f6a303cdea26c697df35da5eb75b2e28","Bacteria","TM7","TM7-3",NA,NA,NA,NA
"175e2c2c8351ba0ffdda8ff6aa0e211e","Bacteria","Proteobacteria","Gammaproteobacteria","Xanthomonadales","Sinobacteraceae","Nevskia","ramosa"
"90325ec708f89d2eec01f20523d72b79","Bacteria","Proteobacteria","Betaproteobacteria",NA,NA,NA,NA
"08b9f9c2327acc86b0bb6c348b906790","Bacteria","Proteobacteria","Betaproteobacteria","Methylophilales","Methylophilaceae",NA,NA
"69d6cfcb70422396866b882baff23888","Bacteria","Proteobacteria","Betaproteobacteria","Methylophilales","Methylophilaceae","Methylotenera","mobilis"
"ec183fae470e58e083303d814b6266a4","Bacteria","Proteobacteria","Betaproteobacteria","Methylophilales","Methylophilaceae","Methylotenera","mobilis"
"a9ad2b7b104ba23b9b166c1cd5855627","Bacteria","Proteobacteria","Betaproteobacteria","Burkholderiales","Oxalobacteraceae",NA,NA
"5c60f2ee7c39d1ad91fe8883e9c912be","Bacteria","Proteobacteria","Betaproteobacteria","Burkholderiales","Burkholderiaceae","Lautropia",NA
"654a991591c20af626d7517a5274cb23","Bacteria","Proteobacteria","Betaproteobacteria","Burkholderiales","Burkholderiaceae","Lautropia",NA
"910bb400df4eee9b6b56eaa037af7e45","Bacteria","Proteobacteria","Betaproteobacteria","Burkholderiales","Burkholderiaceae","Lautropia",NA
"73e58f3167408056db7c7e95ebc418ca","Bacteria","Proteobacteria","Betaproteobacteria","Burkholderiales","Comamonadaceae",NA,NA
"814893d3eaa36358bd83df44b211d5cb","Bacteria","Proteobacteria","Betaproteobacteria","Burkholderiales","Comamonadaceae","Polaromonas",NA
"04a75f1199d1bc6b58d19dd8aeb24520","Bacteria","Proteobacteria","Gammaproteobacteria","Pseudomonadales","Moraxellaceae","Enhydrobacter",NA
"be8f338e5dbcdc4f7278ecf027ff5697","Bacteria","Proteobacteria","Gammaproteobacteria","Pseudomonadales","Moraxellaceae","Moraxella",NA
"0de07f4f862b3931614c1d3023d4a474","Bacteria","Proteobacteria","Gammaproteobacteria","Pseudomonadales","Moraxellaceae","Moraxella",NA
"e752579b34f48caae0848eae9718dc43","Bacteria","Proteobacteria","Gammaproteobacteria","Pseudomonadales","Moraxellaceae","Perlucidibaca",NA
"4bccbdb96fb331b5bd8aec33cbb8a34e","Bacteria","Proteobacteria","Gammaproteobacteria","Pseudomonadales","Moraxellaceae","Acinetobacter",NA
"52e3cb0935a827c84c1e61f13bbf45d5","Bacteria","Proteobacteria","Gammaproteobacteria","Pseudomonadales","Moraxellaceae","Acinetobacter","lwoffii"
"31dfd281f26f77135ba493aa705759b6","Bacteria","Proteobacteria","Betaproteobacteria","Neisseriales","Neisseriaceae","Kingella",NA
"39ea1d44040fe41a692e1ea272e6f7e5","Bacteria","Proteobacteria","Betaproteobacteria","Neisseriales","Neisseriaceae","Eikenella",NA
"7d29ff2fec89a8a38af798470108afac","Bacteria","Proteobacteria","Betaproteobacteria","Neisseriales","Neisseriaceae","Neisseria","bacilliformis"
"f31e9f3769fec621a5d847588fd15ced","Bacteria","Proteobacteria","Betaproteobacteria","Neisseriales","Neisseriaceae","Neisseria","oralis"
"0a872b1366c59a01488e1aa4a93e58aa","Bacteria","Proteobacteria","Betaproteobacteria","Neisseriales","Neisseriaceae","Neisseria","oralis"
"6305e5d4b299a22c21683ecf55e92123","Bacteria","Proteobacteria","Betaproteobacteria","Neisseriales","Neisseriaceae","Neisseria","oralis"
"6c1a1a5f08997b9b34c3734d19adfc8e","Bacteria","Proteobacteria","Betaproteobacteria","Neisseriales","Neisseriaceae","Neisseria",NA
"8f9ca42c10f62423906999a969413bde","Bacteria","Proteobacteria","Betaproteobacteria","Neisseriales","Neisseriaceae","Neisseria","subflava"
"d1cdeb500dbcd965dfd6f6bd1e02c64f","Bacteria","Proteobacteria","Betaproteobacteria","Neisseriales","Neisseriaceae","Neisseria","subflava"
"4ef3d05269c762db631f033432d48b23","Bacteria","Proteobacteria","Betaproteobacteria","Neisseriales","Neisseriaceae","Neisseria",NA
"7e0ecbb4fbf9ecc060a97add42282431","Bacteria","Proteobacteria","Betaproteobacteria","Neisseriales","Neisseriaceae","Neisseria",NA
"f4e2caa5dd059e88e824cbd21cec3ece","Bacteria","Proteobacteria","Betaproteobacteria","Neisseriales","Neisseriaceae","Neisseria",NA
"8bd8a20601c0703a841ecd04fc98a423","Bacteria","Proteobacteria","Betaproteobacteria","Neisseriales","Neisseriaceae","Neisseria",NA
"c329b98d029e7a7e977d6a001d8f9001","Bacteria","Proteobacteria","Betaproteobacteria","Neisseriales","Neisseriaceae","Neisseria","cinerea"
"a34c5c6c56bd530b1e64af1b0d7f7c12","Bacteria","Proteobacteria","Betaproteobacteria","Neisseriales","Neisseriaceae","Eikenella",NA
"873532098886a3068e333839cff270e3","Bacteria","Proteobacteria","Betaproteobacteria","Neisseriales","Neisseriaceae","Eikenella",NA
"2856bb28e32e86e4b542b996bc7926d2","Bacteria","Proteobacteria","Betaproteobacteria","Neisseriales","Neisseriaceae","Eikenella",NA
"26e5e0fa319e12161f3374cb4ad84de4","Bacteria","Proteobacteria","Gammaproteobacteria","Pasteurellales","Pasteurellaceae","Aggregatibacter",NA
"38bb03b8610ee268dd960b18d3624497","Bacteria","Proteobacteria","Gammaproteobacteria","Pasteurellales","Pasteurellaceae","Aggregatibacter",NA
"524f26d3f46fb5afb54aa699c6007d4b","Bacteria","Proteobacteria","Gammaproteobacteria","Pasteurellales","Pasteurellaceae","Aggregatibacter",NA
"8cb72eb3e2d08b2932f46f3905550b64","Bacteria","Proteobacteria","Gammaproteobacteria","Pasteurellales","Pasteurellaceae","Haemophilus","parainfluenzae"
"bfcf99258cd9756216979b9e7885af0f","Bacteria","Proteobacteria","Gammaproteobacteria","Pasteurellales","Pasteurellaceae","Haemophilus","parainfluenzae"
"1f41e146e7808ce168f1bde967d3ddd0","Bacteria","Proteobacteria","Gammaproteobacteria","Pasteurellales","Pasteurellaceae","Actinobacillus",NA
"ee171b115643c57d6133b1b4fcabba55","Bacteria","Proteobacteria","Gammaproteobacteria","Pasteurellales","Pasteurellaceae","Haemophilus","parainfluenzae"
"1f49a099a6d886e26ffc43d09e9a8baa","Bacteria","Proteobacteria","Gammaproteobacteria","Pasteurellales","Pasteurellaceae","Actinobacillus",NA
"2e94d442d64c2a52ff9e146ad06f1aa0","Bacteria","Proteobacteria","Gammaproteobacteria","Pasteurellales","Pasteurellaceae","Haemophilus","parainfluenzae"
"5b9a6dbfc952e746732fc2d8d850487d","Bacteria","Proteobacteria","Gammaproteobacteria","Pasteurellales","Pasteurellaceae","Haemophilus","parainfluenzae"
"5d79d1ea0d507f44c0c2906ce4113e8c","Bacteria","Proteobacteria","Gammaproteobacteria","Pasteurellales","Pasteurellaceae",NA,NA
"1e11f49091bc6ecbc5fc547f1b36a7c6","Bacteria","Proteobacteria","Gammaproteobacteria","Pasteurellales","Pasteurellaceae",NA,NA
"817fd36b2fbfadb5a7b4773f79484bba","Bacteria","Proteobacteria","Gammaproteobacteria","Pasteurellales","Pasteurellaceae","Aggregatibacter","segnis"
"0d4f31238c0dc868f1937f847ef3fe69","Bacteria","Proteobacteria","Gammaproteobacteria","Pasteurellales","Pasteurellaceae","Haemophilus",NA
"45290f2590774f6d0e28f5e7a2b0c893","Bacteria","Proteobacteria","Gammaproteobacteria","Enterobacteriales","Enterobacteriaceae",NA,NA
"bdd17d58a00771a94b3a6c76846b1594","Bacteria","Proteobacteria","Gammaproteobacteria","Enterobacteriales","Enterobacteriaceae","Serratia","marcescens"
"e7b3dbe1fdb767bf3dc679ccb1369052","Bacteria","Proteobacteria","Gammaproteobacteria","Cardiobacteriales","Cardiobacteriaceae","Cardiobacterium",NA
"c1c8943f44cfa2ba3736b0e2d75f2b16","Bacteria","Proteobacteria","Gammaproteobacteria","Cardiobacteriales","Cardiobacteriaceae","Cardiobacterium",NA
"44be947cc67f76f8d0cbfaff2489a69b","Bacteria","Proteobacteria","Gammaproteobacteria","Legionellales","Legionellaceae","Legionella",NA
"550b6637784a47738435a94a0750ae90","Bacteria","Proteobacteria","Gammaproteobacteria","Xanthomonadales","Sinobacteraceae",NA,NA
"3f0a5cd9b3240dfaca7af3e86ae24ad2","Bacteria","Proteobacteria","Gammaproteobacteria","Pseudomonadales","Pseudomonadaceae","Pseudomonas",NA
"7dd07e7535285c2595a69538878226a6","Bacteria","Proteobacteria","Gammaproteobacteria","Pseudomonadales","Pseudomonadaceae","Pseudomonas","veronii"
"ae3ae4cd1ba0f60f3298fdb16c0acba4","Bacteria","Proteobacteria","Gammaproteobacteria","Pseudomonadales","Pseudomonadaceae","Pseudomonas","fragi"
"d808fb59707b01e9c7c0c24f792b8654","Bacteria","Proteobacteria","Gammaproteobacteria","Pseudomonadales","Pseudomonadaceae","Pseudomonas",NA
"cb125eb54ec0cbdbcca7ac92b4cd897c","Bacteria","Proteobacteria","Gammaproteobacteria","Oceanospirillales","Alcanivoracaceae","Alcanivorax",NA
"db10bee2ead8988aa83ac658f4942f7a","Bacteria","Proteobacteria","Gammaproteobacteria","Oceanospirillales","Halomonadaceae","Halomonas","campisalis"
"23b77b31c18d5b6109c8c4524ba0d27f","Bacteria","Acidobacteria","Acidobacteria-6","iii1-15",NA,NA,NA
"915ac7626a3ecee2cd2a783584896136","Bacteria","Planctomycetes","OM190","agg27",NA,NA,NA
"6a282e33ab16ecc73664d8539e52c54e","Bacteria","Proteobacteria","Deltaproteobacteria","Myxococcales","0319-6G20",NA,NA
"cb97afafc3349a2c306183cb21c16b1d","Bacteria","Proteobacteria","Alphaproteobacteria","Sphingomonadales","Erythrobacteraceae",NA,NA
"e7f548c1c3abade96b4bc8685557146d","Bacteria","Proteobacteria","Alphaproteobacteria","Sphingomonadales",NA,NA,NA
"1006d42c9984f242af419f88f8f30b61","Bacteria","Proteobacteria","Alphaproteobacteria","Sphingomonadales","Sphingomonadaceae","Sphingomonas",NA
"f9841bbca3f0f09586af04f9c74bf55c","Bacteria","Proteobacteria","Alphaproteobacteria","Sphingomonadales","Sphingomonadaceae","Sphingomonas",NA
"5867ebb5c5c92a03e74c5a56891ec868","Bacteria","Proteobacteria","Alphaproteobacteria","Rhizobiales","Bradyrhizobiaceae","Afipia",NA
"4bb96d7ec191f9f114463f425bca5f72","Bacteria","Proteobacteria","Alphaproteobacteria","Caulobacterales","Caulobacteraceae","Brevundimonas","vesicularis"
"7fca4f5e7b0a37bcb0357c133cf53e68","Bacteria","Proteobacteria","Alphaproteobacteria","Rhodobacterales","Rhodobacteraceae","Paracoccus","aminovorans"
"fbe1b4948902a4ce3d03099c4fd87e28","Bacteria","Proteobacteria","Alphaproteobacteria","Rhodobacterales","Rhodobacteraceae","Paracoccus",NA
"ad4f9d5d1dda31a4dc12a3fe7a6e3e56","Bacteria","Fusobacteria","Fusobacteriia","Fusobacteriales","Leptotrichiaceae","Leptotrichia",NA
"154cdeb6c4f8f60728b325e59acdc73a","Bacteria","Fusobacteria","Fusobacteriia","Fusobacteriales","Leptotrichiaceae",NA,NA
"a9ab637ae7e27f2645abc90a1ad525c6","Bacteria","Fusobacteria","Fusobacteriia","Fusobacteriales","Leptotrichiaceae",NA,NA
"275fbdaf76afb2ddeafdd75f3f7c3895","Bacteria","Fusobacteria","Fusobacteriia","Fusobacteriales","Leptotrichiaceae","Leptotrichia",NA
"70915f0b1907f8977194d7cc6289fafe","Bacteria","Fusobacteria","Fusobacteriia","Fusobacteriales","Leptotrichiaceae","Leptotrichia",NA
"6dcd172d90a42c3a922d06cd609caf6c","Bacteria","Fusobacteria","Fusobacteriia","Fusobacteriales","Leptotrichiaceae","Leptotrichia",NA
"4d3716148d258ae1a0bc49a121d68888","Bacteria","Fusobacteria","Fusobacteriia","Fusobacteriales","Leptotrichiaceae","Leptotrichia",NA
"1e28110d59faef36bc4991d87ded170f","Bacteria","Fusobacteria","Fusobacteriia","Fusobacteriales","Leptotrichiaceae","Leptotrichia",NA
"a49a7c28dc5176c670d26b28cb1b3e28","Bacteria","Fusobacteria","Fusobacteriia","Fusobacteriales","Leptotrichiaceae","Leptotrichia",NA
"e5030622039d3d3705f5595bb5f2063d","Bacteria","Fusobacteria","Fusobacteriia","Fusobacteriales","Leptotrichiaceae","Leptotrichia",NA
"bdb9e5f6c41c701ec4b3bc754f1fde53","Bacteria","Fusobacteria","Fusobacteriia","Fusobacteriales","Leptotrichiaceae","Leptotrichia",NA
"5b1a3001d6ac545645c6f80178f7fe27","Bacteria","Fusobacteria","Fusobacteriia","Fusobacteriales","Leptotrichiaceae","Leptotrichia",NA
"cb18538c1097684dd9f33953019126c6","Bacteria","Fusobacteria","Fusobacteriia","Fusobacteriales","Leptotrichiaceae","Leptotrichia",NA
"0683bc1e070848dbdd66e94651ed08e3","Bacteria","Fusobacteria","Fusobacteriia","Fusobacteriales","Leptotrichiaceae","Leptotrichia",NA
"c9094014ee45d351cccd5d99dfb5d0db","Bacteria","Fusobacteria","Fusobacteriia","Fusobacteriales","Leptotrichiaceae","Leptotrichia",NA
"274f5edda7d6ed4f198f474cc16edfc8","Bacteria","Fusobacteria","Fusobacteriia","Fusobacteriales","Leptotrichiaceae","Leptotrichia",NA
"8905f8c0e7ad25e02e0b4375ba010160","Bacteria","Fusobacteria","Fusobacteriia","Fusobacteriales","Leptotrichiaceae","Leptotrichia",NA
"f3c867c4f48a6c2a3aeb1dd95ae63100","Bacteria","Fusobacteria","Fusobacteriia","Fusobacteriales","Leptotrichiaceae","Leptotrichia",NA
"efa5ea162c36da07f16b57c95ecffe39","Bacteria","Fusobacteria","Fusobacteriia","Fusobacteriales","Leptotrichiaceae","Leptotrichia",NA
"6dde32bf58ed25ed4fd5a8e6fdeb6fa1","Bacteria","Fusobacteria","Fusobacteriia","Fusobacteriales","Leptotrichiaceae","Leptotrichia",NA
"bca4d2851db67279702d9c76f0fab29b","Bacteria","Fusobacteria","Fusobacteriia","Fusobacteriales","Leptotrichiaceae","Leptotrichia",NA
"0db9fc2e6ad68bd72fad459d5db257e5","Bacteria","Fusobacteria","Fusobacteriia","Fusobacteriales","Leptotrichiaceae","Leptotrichia",NA
"2b2ef93955a0e7fc9940b16759cf6c2a","Bacteria","Fusobacteria","Fusobacteriia","Fusobacteriales","Leptotrichiaceae","Leptotrichia",NA
"f521200f7d309465ddd1b723d078d95a","Bacteria","Fusobacteria","Fusobacteriia","Fusobacteriales","Leptotrichiaceae","Leptotrichia",NA
"33d0cdb70812c6789273b89eaf0080f2","Bacteria","Fusobacteria","Fusobacteriia","Fusobacteriales","Leptotrichiaceae","Leptotrichia",NA
"4d8dd64df4ffda19e38bdd8e22c5fa26","Bacteria","Fusobacteria","Fusobacteriia","Fusobacteriales","Leptotrichiaceae","Leptotrichia",NA
"c7518531124a2d6d160717b1a508713e","Bacteria","Fusobacteria","Fusobacteriia","Fusobacteriales","Leptotrichiaceae","Leptotrichia",NA
"2de8c40c85ed7c0528dea747ce9c6f58","Bacteria","Fusobacteria","Fusobacteriia","Fusobacteriales","Leptotrichiaceae","Leptotrichia",NA
"2a6338e2218fe791f956cae08b2ff459","Bacteria","Fusobacteria","Fusobacteriia","Fusobacteriales","Fusobacteriaceae","Fusobacterium",NA
"4f9577a9ec95717acd97056ebb492cc6","Bacteria","Fusobacteria","Fusobacteriia","Fusobacteriales","Fusobacteriaceae","Fusobacterium",NA
"dfc69074d4a8a05116d49ec48b3fe00c","Bacteria","Fusobacteria","Fusobacteriia","Fusobacteriales","Fusobacteriaceae","Fusobacterium",NA
"ce29fe8dd673e9aafdc4a2a6887a6ed5","Bacteria","Fusobacteria","Fusobacteriia","Fusobacteriales","Fusobacteriaceae","Fusobacterium",NA
"f6c968849bd0ed65bb91fdd668e010b5","Bacteria","Fusobacteria","Fusobacteriia","Fusobacteriales","Fusobacteriaceae","Fusobacterium",NA
"0dd01b13b32c840bd2c753b4e13f1ed8","Bacteria","Fusobacteria","Fusobacteriia","Fusobacteriales","Fusobacteriaceae","Fusobacterium",NA
"74c28e8c5046e43b644e02948137c4f4","Bacteria","Fusobacteria","Fusobacteriia","Fusobacteriales","Fusobacteriaceae","Fusobacterium",NA
"77eb4ab5b4b721ab97bded27837d42ac","Bacteria","Fusobacteria","Fusobacteriia","Fusobacteriales","Fusobacteriaceae","Fusobacterium",NA
"318f895f95da9a1725a745f1f8759b88","Bacteria","Fusobacteria","Fusobacteriia","Fusobacteriales","Fusobacteriaceae","Fusobacterium",NA
"7981fd2835145dc854b851f83bf045d3","Bacteria","Fusobacteria","Fusobacteriia","Fusobacteriales","Fusobacteriaceae","Fusobacterium",NA
"7984f1cd22e30fdf65fd3e4c5038e853","Bacteria","Fusobacteria","Fusobacteriia","Fusobacteriales","Fusobacteriaceae","Fusobacterium",NA
"a7cb4f8cb0f3aa79f3da83a765982f91","Bacteria","Fusobacteria","Fusobacteriia","Fusobacteriales","Fusobacteriaceae","Fusobacterium",NA
"b1a981fb3cf40f19bae316b9bde71f19","Bacteria","Fusobacteria","Fusobacteriia","Fusobacteriales","Fusobacteriaceae","Fusobacterium",NA
"d3aacc050872ebe6c5da8f8b8710ba18","Bacteria","Spirochaetes","Spirochaetes","Spirochaetales","Spirochaetaceae","Treponema","socranskii"
"abd54d2308743cef6f60d0518e2dfd99","Bacteria","Spirochaetes","Spirochaetes","Spirochaetales","Spirochaetaceae","Treponema",NA
"ee163f44f21facf50e3639f0b21bad66","Bacteria","Spirochaetes","Spirochaetes","Spirochaetales","Spirochaetaceae","Treponema",NA
"96d581b50ed6963b92de1487328419f1","Bacteria","Spirochaetes","Spirochaetes","Spirochaetales","Spirochaetaceae","Treponema",NA
"6b54a6eb110b1525d7ee8cd273156d5e","Bacteria","Spirochaetes","Spirochaetes","Spirochaetales","Spirochaetaceae","Treponema",NA
"c4d9d0060684ad0625fe2a5f58f28c06","Bacteria","Proteobacteria","Epsilonproteobacteria","Campylobacterales","Campylobacteraceae","Campylobacter",NA
"14a597495c9c251d0a3bd884e90977db","Bacteria","Proteobacteria","Epsilonproteobacteria","Campylobacterales","Campylobacteraceae","Campylobacter","rectus"
"d58edb28d4df2fc280e7fee2873cfa3d","Bacteria","Proteobacteria","Epsilonproteobacteria","Campylobacterales","Campylobacteraceae","Campylobacter",NA
"5c4dac94bdd99db6fa67332f0ad83d8e","Bacteria","Proteobacteria","Epsilonproteobacteria","Campylobacterales","Campylobacteraceae","Campylobacter",NA
"bc2e91c177dcf042f2ecde858c2e64ed","Bacteria","Proteobacteria","Epsilonproteobacteria","Campylobacterales","Campylobacteraceae","Campylobacter",NA
"0b12835fa498ceaf800913bca8764435","Bacteria","Firmicutes","Erysipelotrichi","Erysipelotrichales","Erysipelotrichaceae","Bulleidia","moorei"
"806aa0ceafe588d8d265052b8c0202fa","Bacteria","Tenericutes","Mollicutes","Mycoplasmatales","Mycoplasmataceae","Mycoplasma",NA
"a68f1205d4074f8928125564ed7681d2","Bacteria","Bacteroidetes","Flavobacteriia","Flavobacteriales","[Weeksellaceae]","Chryseobacterium",NA
"6b6bf75089fa230c3ad7214efd733b74","Bacteria","Bacteroidetes","Flavobacteriia","Flavobacteriales","[Weeksellaceae]",NA,NA
"2e9f64ce9ec727ee1fde65c75aa71db7","Bacteria","Bacteroidetes","Flavobacteriia","Flavobacteriales","[Weeksellaceae]",NA,NA
"0ef44eaa38633505158a3dab1466cbf7","Bacteria","Bacteroidetes","Flavobacteriia","Flavobacteriales","Flavobacteriaceae","Capnocytophaga",NA
"6046915cd4ef8792461b808c4ae8867c","Bacteria","Bacteroidetes","Flavobacteriia","Flavobacteriales","Flavobacteriaceae","Capnocytophaga",NA
"aaa8a2e2ee7d13c6ed0703f1600f3112","Bacteria","Bacteroidetes","Flavobacteriia","Flavobacteriales","Flavobacteriaceae","Capnocytophaga",NA
"e3d7402dfa7a45343b415c679366e347","Bacteria","Bacteroidetes","Flavobacteriia","Flavobacteriales","Flavobacteriaceae","Capnocytophaga",NA
"10ee7c2f524cbdebee04e798574a2116","Bacteria","Bacteroidetes","Flavobacteriia","Flavobacteriales","Flavobacteriaceae","Capnocytophaga","ochracea"
"871fcc3c84b0af8daad8418bebe9534c","Bacteria","Bacteroidetes","Flavobacteriia","Flavobacteriales","Flavobacteriaceae","Capnocytophaga","ochracea"
"e49e3dae47faeb85db7655d53ae5e871","Bacteria","Bacteroidetes","Flavobacteriia","Flavobacteriales","Flavobacteriaceae","Capnocytophaga","ochracea"
"dfdd15ad7aa5f62f408b96090c65ad0c","Bacteria","Bacteroidetes","Flavobacteriia","Flavobacteriales","Flavobacteriaceae","Capnocytophaga","ochracea"
"17f07123b1cdd1ccec2b305f604c740a","Bacteria","Bacteroidetes","Flavobacteriia","Flavobacteriales","Flavobacteriaceae","Capnocytophaga","ochracea"
"248470c3b996979c8d6409548617f915","Bacteria","Bacteroidetes","Flavobacteriia","Flavobacteriales","Flavobacteriaceae","Capnocytophaga",NA
"f542ba12949ca5b05cc73ead29532c65","Bacteria","Bacteroidetes","[Saprospirae]","[Saprospirales]","Chitinophagaceae",NA,NA
"7cda9107576dcf900c495f42350bbcb0","Bacteria","Bacteroidetes","Bacteroidia","Bacteroidales",NA,NA,NA
"fa338bd6ec6718e39c213efa4bc3b605","Bacteria","Bacteroidetes","Bacteroidia","Bacteroidales",NA,NA,NA
"4f61c154400458e23e9479967a7995c6","Bacteria","Bacteroidetes","Bacteroidia","Bacteroidales",NA,NA,NA
"b87515de8cce698c1abf4ae53e29a739","Bacteria","Bacteroidetes","Bacteroidia","Bacteroidales",NA,NA,NA
"5464c67e4ae6fc14641df2ae8fa7ce70","Bacteria","Bacteroidetes","Bacteroidia","Bacteroidales","Porphyromonadaceae","Paludibacter",NA
"8a68676bdfc5fa94ccc48dde5d1fa3d7","Bacteria","Bacteroidetes","Bacteroidia","Bacteroidales","Porphyromonadaceae","Paludibacter",NA
"64cb71c031ec2e7e4e7a66f737930d36","Bacteria","Bacteroidetes","Bacteroidia","Bacteroidales","Porphyromonadaceae","Tannerella",NA
"268b40ed29e51f4025fa6f7b9f90051e","Bacteria","Bacteroidetes","Bacteroidia","Bacteroidales","Porphyromonadaceae","Tannerella",NA
"5f6f3c4136912b086128e3cdc9877cd3","Bacteria","Bacteroidetes","Bacteroidia","Bacteroidales","Porphyromonadaceae","Tannerella",NA
"e83781c7f4cfbd3cdd2c51a3dfe855b6","Bacteria","Bacteroidetes","Bacteroidia","Bacteroidales","Porphyromonadaceae","Porphyromonas",NA
"ec62f5ab04d9c4ebc9aa3850f7e776c5","Bacteria","Bacteroidetes","Bacteroidia","Bacteroidales","Porphyromonadaceae","Porphyromonas",NA
"18e7a8e3cd0b9393e1af96eca4bb37b5","Bacteria","Bacteroidetes","Bacteroidia","Bacteroidales","Porphyromonadaceae","Porphyromonas",NA
"00195669516a08d7c151fad1ecadf78f","Bacteria","Bacteroidetes","Bacteroidia","Bacteroidales","Porphyromonadaceae","Porphyromonas",NA
"9e06ff8f82499e1f457e55e8a7157d0d","Bacteria","Bacteroidetes","Bacteroidia","Bacteroidales","Porphyromonadaceae","Porphyromonas","endodontalis"
"b282c6fb0b45bbea9297ace5bb3f92b4","Bacteria","Bacteroidetes","Bacteroidia","Bacteroidales","Porphyromonadaceae","Porphyromonas",NA
"bf56e88860c358473291812140f4e5ff","Bacteria","Bacteroidetes","Bacteroidia","Bacteroidales","S24-7",NA,NA
"f67cec7cd4e11f2ded3496f7396aae28","Bacteria","Bacteroidetes","Bacteroidia","Bacteroidales","S24-7",NA,NA
"903fa4aea0b855b8f5a46080a50887b1","Bacteria","Bacteroidetes","Bacteroidia","Bacteroidales","Prevotellaceae","Prevotella",NA
"10d2a61d5b3f7e5db7132c24b6169d2c","Bacteria","Bacteroidetes","Bacteroidia","Bacteroidales","Prevotellaceae","Prevotella","nanceiensis"
"bd805023859ca2890e70bb169b1ccc87","Bacteria","Bacteroidetes","Bacteroidia","Bacteroidales","Prevotellaceae","Prevotella","nanceiensis"
"e7133e64b9602a29f3d6d8c2697ff1b7","Bacteria","Bacteroidetes","Bacteroidia","Bacteroidales","Prevotellaceae","Prevotella","nanceiensis"
"7b2f0434b6b9657b643aee781cd80b85","Bacteria","Bacteroidetes","Bacteroidia","Bacteroidales","Prevotellaceae","Prevotella",NA
"07fd92a1176438aa1adb7e895b2a5e53","Bacteria","Bacteroidetes","Bacteroidia","Bacteroidales","Prevotellaceae","Prevotella",NA
"45e6f93732599f87fc8fd5e02c780cab","Bacteria","Bacteroidetes","Bacteroidia","Bacteroidales","Prevotellaceae","Prevotella",NA
"f41ee6243b4d17ce581f070e38e6eb1a","Bacteria","Bacteroidetes","Bacteroidia","Bacteroidales","Prevotellaceae","Prevotella",NA
"d74b476beb7ecc4a8546755983496aa4","Bacteria","Bacteroidetes","Bacteroidia","Bacteroidales","Prevotellaceae","Prevotella",NA
"47afdb18e08a084738aa2940521441f2","Bacteria","Bacteroidetes","Bacteroidia","Bacteroidales","Prevotellaceae","Prevotella",NA
"b4e8ed8bdcbb5485bdc2e1d730588d73","Bacteria","Bacteroidetes","Bacteroidia","Bacteroidales","Prevotellaceae","Prevotella",NA
"9588e14aa2808671c79a54329f5cf28f","Bacteria","Bacteroidetes","Bacteroidia","Bacteroidales","Prevotellaceae","Prevotella",NA
"215b1989c35d7fc6ff6194244744d7fd","Bacteria","Bacteroidetes","Bacteroidia","Bacteroidales","Prevotellaceae","Prevotella",NA
"7e1889484b65930b1ab3447bf3b0b64c","Bacteria","Bacteroidetes","Bacteroidia","Bacteroidales","Prevotellaceae","Prevotella",NA
"0bb7a8bd1bcd65eae134c095ebc5b553","Bacteria","Bacteroidetes","Bacteroidia","Bacteroidales","Prevotellaceae","Prevotella",NA
"d0065accdf1b8edd51839546ea142df7","Bacteria","Bacteroidetes","Bacteroidia","Bacteroidales","Prevotellaceae","Prevotella",NA
"5eb3417ab564edc1f8954241c7ce7f5a","Bacteria","Bacteroidetes","Bacteroidia","Bacteroidales","Prevotellaceae","Prevotella",NA
"69b14564c75c00ca4246ba6119112e42","Bacteria","Bacteroidetes","Bacteroidia","Bacteroidales","Prevotellaceae","Prevotella",NA
"047a82c1f563a461174622146885fd6f","Bacteria","Bacteroidetes","Bacteroidia","Bacteroidales","Prevotellaceae","Prevotella",NA
"c9caf1e1a5070a2c617196c2a529a8ae","Bacteria","Bacteroidetes","Bacteroidia","Bacteroidales","Prevotellaceae","Prevotella",NA
"dc62e0e12766c2355abf2ffaddcbbebd","Bacteria","Bacteroidetes","Bacteroidia","Bacteroidales","Prevotellaceae","Prevotella",NA
"298f48f30781cb93e01f2ba897d25519","Bacteria","Bacteroidetes","Bacteroidia","Bacteroidales","Prevotellaceae","Prevotella",NA
"25e77734d118da74539fb87ff8acf057","Bacteria","Bacteroidetes","Bacteroidia","Bacteroidales","Prevotellaceae","Prevotella",NA
"8b43e67f6c5bb1eb357466f0ebd926a1","Bacteria","Bacteroidetes","Bacteroidia","Bacteroidales","Prevotellaceae","Prevotella",NA
"fad5a2f53072b929b6512c0f68401979","Bacteria","Bacteroidetes","Bacteroidia","Bacteroidales","Prevotellaceae","Prevotella",NA
"1c2deca5f948e8ad5ecb3e3f78c82db1","Bacteria","Bacteroidetes","Bacteroidia","Bacteroidales","Prevotellaceae","Prevotella","melaninogenica"
"50cc80fa25d66a7e055acc04a8ea2bda","Bacteria","Bacteroidetes","Bacteroidia","Bacteroidales","Prevotellaceae","Prevotella","melaninogenica"
"61d94d64c8bb83d0dfe931ceec445f89","Bacteria","Bacteroidetes","Bacteroidia","Bacteroidales","Prevotellaceae","Prevotella","melaninogenica"
"e0a561e65d01ce1448bf4ec3bd61f2b9","Bacteria","Bacteroidetes","Bacteroidia","Bacteroidales","Prevotellaceae","Prevotella","melaninogenica"
"040b1ab5b026b8b7c77744cb29c6ca7b","Bacteria","Bacteroidetes","Bacteroidia","Bacteroidales","Prevotellaceae","Prevotella","melaninogenica"
"8cc6e4a5288e3e7983b218dbda520fd3","Bacteria","Bacteroidetes","Bacteroidia","Bacteroidales","Prevotellaceae","Prevotella","melaninogenica"
"8d5b88962c1bd97166f4584c5bd5faf0","Bacteria","Bacteroidetes","Bacteroidia","Bacteroidales","Prevotellaceae","Prevotella","melaninogenica"
"321927f55e906812db482996bb9e4b87","Bacteria","Bacteroidetes","Bacteroidia","Bacteroidales","Prevotellaceae","Prevotella","melaninogenica"
"d268552f584aa6a89bc7fecd7ad641c4","Bacteria","Bacteroidetes","Bacteroidia","Bacteroidales","Prevotellaceae","Prevotella","melaninogenica"
"b16fa23880b57907e329b82ddd9bec42","Bacteria","Bacteroidetes","Bacteroidia","Bacteroidales","Prevotellaceae","Prevotella","melaninogenica"
"618cdf643373b4aa1d47f979105040bd","Bacteria","Bacteroidetes","Bacteroidia","Bacteroidales","Prevotellaceae","Prevotella","melaninogenica"
"c5bc06f45943a69719dcc3ac1bbf608e","Bacteria","Bacteroidetes","Bacteroidia","Bacteroidales","Prevotellaceae","Prevotella",NA
"f45776e7fb005ee35587c89c0999b4d5","Bacteria","Bacteroidetes","Bacteroidia","Bacteroidales","Prevotellaceae","Prevotella",NA
"1ecf55b956aa059067b4cbe6c9d239cd","Bacteria","Bacteroidetes","Bacteroidia","Bacteroidales","Prevotellaceae","Prevotella",NA
"e31400a05b52cad668bb7cac37ccdbfa","Bacteria","Bacteroidetes","Bacteroidia","Bacteroidales","Prevotellaceae","Prevotella",NA
"b41c5e5e3db2b4f9e552bacd8aa8df7e","Bacteria","Bacteroidetes","Bacteroidia","Bacteroidales","Prevotellaceae","Prevotella",NA
"6bb818e34846a44c1ba67af4a560959c","Bacteria","Bacteroidetes","Bacteroidia","Bacteroidales","Prevotellaceae","Prevotella",NA
"2a0f616e70fec77a37eacb561a5159c7","Bacteria","Bacteroidetes","Bacteroidia","Bacteroidales","Prevotellaceae","Prevotella",NA
"e1450856780d30c87e686c8e94a0abe8","Bacteria","Bacteroidetes","Bacteroidia","Bacteroidales","Prevotellaceae","Prevotella","intermedia"
"c4cb15508a6be90425cb854282cdccb7","Bacteria","Bacteroidetes","Bacteroidia","Bacteroidales","Prevotellaceae","Prevotella","intermedia"
"6a968c9c1d51fbb339945684b8fc4fda","Bacteria","Bacteroidetes","Bacteroidia","Bacteroidales","Prevotellaceae","Prevotella","pallens"
"edc59fc8d6e71d173af8c94394316e3b","Bacteria","Bacteroidetes","Bacteroidia","Bacteroidales","Prevotellaceae","Prevotella","pallens"
"992bb4dd564946ed5e530eedaa1de850","Bacteria","Bacteroidetes","Bacteroidia","Bacteroidales","Prevotellaceae","Prevotella","nigrescens"
"c12f7d5b458e5168aa80a93a042f11c3","Bacteria","Bacteroidetes","Bacteroidia","Bacteroidales","Prevotellaceae","Prevotella","pallens"
"9afbbda743e3bafe7c1ec82a4aaa2f2a","Bacteria","Bacteroidetes","Bacteroidia","Bacteroidales","Prevotellaceae","Prevotella",NA
"05fd96468597c5443277941220aaf235","Bacteria","Bacteroidetes","Bacteroidia","Bacteroidales","Prevotellaceae","Prevotella",NA
"69457dc70d8d05777f7327aef65fe821","Bacteria","Bacteroidetes","Bacteroidia","Bacteroidales","Prevotellaceae","Prevotella",NA
"0cdacda3b3133ed3fde059c84b3e4b10","Bacteria","Bacteroidetes","Bacteroidia","Bacteroidales","Prevotellaceae","Prevotella",NA
"d7bc683eca026e00864f27f3b0f4b907","Bacteria","Bacteroidetes","Bacteroidia","Bacteroidales","Prevotellaceae","Prevotella",NA
"6283cd4a1541d651f91f5ea5159ad52a","Bacteria","Bacteroidetes","Bacteroidia","Bacteroidales","Prevotellaceae","Prevotella",NA
"89b9b437ab1d42a0971db8009f8d5172","Bacteria","Bacteroidetes","Bacteroidia","Bacteroidales","Prevotellaceae","Prevotella",NA
"197353bdfd7b559d0e47f2976cc7480c","Bacteria","Bacteroidetes","Bacteroidia","Bacteroidales","Prevotellaceae","Prevotella",NA
"434c66a1fe26595c3753b0c4e82defb8","Bacteria","Bacteroidetes","Bacteroidia","Bacteroidales","Prevotellaceae","Prevotella",NA
"cf0beb0cc64c0a57c2cd2e9db5d32846","Bacteria","Bacteroidetes","Bacteroidia","Bacteroidales","Prevotellaceae","Prevotella",NA
"c2905773e581cc51067c5cf5702d5b96","Bacteria","Bacteroidetes","Bacteroidia","Bacteroidales","Prevotellaceae","Prevotella",NA
"f68e9fab770d215ebb2cccb4fdf0d9b3","Bacteria","Bacteroidetes","Bacteroidia","Bacteroidales","Prevotellaceae","Prevotella",NA
"f00b2b386c790af361ed667ab1ea2a41","Bacteria","Bacteroidetes","Bacteroidia","Bacteroidales","Prevotellaceae","Prevotella",NA
"e78d9715d827eba81db3c87e840b3a16","Bacteria","Bacteroidetes","Bacteroidia","Bacteroidales","[Paraprevotellaceae]","[Prevotella]",NA
"27c8a86b35998a0bc6cc4fc407a715df","Bacteria","Bacteroidetes","Bacteroidia","Bacteroidales","[Paraprevotellaceae]","[Prevotella]",NA
"8d0ea4443c0f245a15e93089f9697b0e","Bacteria","Bacteroidetes","Bacteroidia","Bacteroidales","[Paraprevotellaceae]","[Prevotella]",NA
"f3389b554fa53e0c16a261d364470eae","Bacteria","Bacteroidetes","Bacteroidia","Bacteroidales","[Paraprevotellaceae]","[Prevotella]",NA
"a507c24cc108b2a85bf867557c9e987d","Bacteria","Bacteroidetes","Bacteroidia","Bacteroidales","[Paraprevotellaceae]","[Prevotella]",NA
"147d6ecf30b0296147481cf4e4b58c28","Bacteria","Bacteroidetes","Bacteroidia","Bacteroidales","[Paraprevotellaceae]","[Prevotella]",NA
"acae6f2399db3e34f174cba62f85f419","Bacteria","Bacteroidetes","Bacteroidia","Bacteroidales","[Paraprevotellaceae]","[Prevotella]",NA
"58c03b997c7a9aadbc28acca53358f8f","Bacteria","Bacteroidetes","Bacteroidia","Bacteroidales","[Paraprevotellaceae]","[Prevotella]","tannerae"
"be92f60af67df5d34c962b04aab90236","Bacteria","Bacteroidetes","Bacteroidia","Bacteroidales","[Paraprevotellaceae]","[Prevotella]","tannerae"
"a612acd904da6073c97f86a26e20a2ee","Bacteria","Bacteroidetes","Bacteroidia","Bacteroidales","[Paraprevotellaceae]","[Prevotella]","tannerae"
"6be6f0f94307a5ae6fe1425a75007e19","Bacteria","Bacteroidetes","Bacteroidia","Bacteroidales","[Paraprevotellaceae]","[Prevotella]","tannerae"
"21a8b78f27f13bfb20f43bc2164e404c","Bacteria","Bacteroidetes","Bacteroidia","Bacteroidales","Porphyromonadaceae","Porphyromonas",NA
"db022944e74fc6531ec69fe1061fbb1a","Bacteria","Firmicutes","Clostridia","Clostridiales","Peptostreptococcaceae","Filifactor",NA
"b9f651154387ae11b3db6ba036c93268","Bacteria","Firmicutes","Clostridia","Clostridiales","[Mogibacteriaceae]","Mogibacterium",NA
"7f0b063ceb89803b6b52917d30b5555b","Bacteria","Firmicutes","Clostridia","Clostridiales","[Mogibacteriaceae]","Mogibacterium",NA
"3641f7fdb69eb6f5e0fac133fec940c7","Bacteria","Firmicutes","Clostridia","Clostridiales","[Mogibacteriaceae]",NA,NA
"2a1abe19db7c1cafec8103a6e60bb573","Bacteria","Firmicutes","Clostridia","Clostridiales","[Mogibacteriaceae]",NA,NA
"96def4c27b25d8a74ca36661632e5a69","Bacteria","Firmicutes","Clostridia","Clostridiales","[Mogibacteriaceae]",NA,NA
"3abf6e1d817f9a9545101492a4d6e376","Bacteria","Firmicutes","Clostridia","Clostridiales","Peptostreptococcaceae","Peptostreptococcus",NA
"57235c6bd52aed98be2d9a58824ad5f0","Bacteria","Firmicutes","Clostridia","Clostridiales","[Tissierellaceae]","Parvimonas",NA
"4fb8f09219f4d6f345f1f02161793d64","Bacteria","Firmicutes","Clostridia","Clostridiales","[Tissierellaceae]","Parvimonas",NA
"37f10ebc8e4fd852d1c4f87520d3e199","Bacteria","Firmicutes","Clostridia","Clostridiales","[Tissierellaceae]","Parvimonas",NA
"6f05bbb7b495e6ffda5b2dacaf47c75c","Bacteria","Firmicutes","Clostridia","Clostridiales","Peptococcaceae","Peptococcus",NA
"a04a11b72b931e796ed97a673ee3b8f7","Bacteria","Firmicutes","Clostridia","Clostridiales","Clostridiaceae","Clostridium","celatum"
"52335cd5ba68401f2e339191306976e0","Bacteria","Firmicutes","Clostridia","Clostridiales",NA,NA,NA
"72e13e0f17042b82a80609c0680ed7ea","Bacteria","Firmicutes","Clostridia","Clostridiales",NA,NA,NA
"d7136b4da0d1c6426cec93d9296b7798","Bacteria","Firmicutes","Clostridia","Clostridiales","Lachnospiraceae","Oribacterium",NA
"3fb3edcab81f83cd10737fa29070eff3","Bacteria","Firmicutes","Clostridia","Clostridiales","Lachnospiraceae","Oribacterium",NA
"1a06278b8ee636d8fd7e5352e07ccccb","Bacteria","Firmicutes","Clostridia","Clostridiales","Lachnospiraceae","Oribacterium",NA
"342fb8ba9534bd8348bb7118d09df37c","Bacteria","Firmicutes","Clostridia","Clostridiales","Lachnospiraceae","Oribacterium",NA
"ea801be42bf10874762cd004b3148803","Bacteria","Firmicutes","Clostridia","Clostridiales","Lachnospiraceae","Oribacterium",NA
"eb31a85c19865a972840efea7ec1c60b","Bacteria","Firmicutes","Clostridia","Clostridiales","Lachnospiraceae","Oribacterium",NA
"93afd8eb1bb76b9a732bae7e7762c1c9","Bacteria","Firmicutes","Clostridia","Clostridiales","Lachnospiraceae","Catonella",NA
"a247eb38087e49867e163ad470fe9969","Bacteria","Firmicutes","Clostridia","Clostridiales","Lachnospiraceae","Catonella",NA
"8dd5e3bd952e1bfcb5bc365df546b18b","Bacteria","Firmicutes","Clostridia","Clostridiales","Lachnospiraceae","Moryella",NA
"0e7b4288134c0044004587e922940c30","Bacteria","Firmicutes","Clostridia","Clostridiales","Lachnospiraceae","Moryella",NA
"8adc1b9c69624ae10c1c849108ac49d8","Bacteria","Firmicutes","Clostridia","Clostridiales","Lachnospiraceae","Moryella",NA
"14f71f6da9d62c42d0ca64f72e14117c","Bacteria","Firmicutes","Clostridia","Clostridiales","Lachnospiraceae",NA,NA
"fd00b8d450fbd1179fa86d5ac5f7ff5b","Bacteria","Firmicutes","Clostridia","Clostridiales","Lachnospiraceae","Lachnoanaerobaculum","orale"
"32004cebe09e8140941600ab3533c6ba","Bacteria","Firmicutes","Clostridia","Clostridiales","Lachnospiraceae","Lachnoanaerobaculum","orale"
"88eddaff78f4a63ddf98952100d3252f","Bacteria","Firmicutes","Clostridia","Clostridiales","Lachnospiraceae","Lachnoanaerobaculum","orale"
"f82a811080bf1cf89d30059e359dc5a4","Bacteria","Firmicutes","Clostridia","Clostridiales","Lachnospiraceae","Lachnoanaerobaculum","orale"
"c98c3e21376439101a3c612ac0f31cae","Bacteria","Firmicutes","Clostridia","Clostridiales","Lachnospiraceae","Lachnoanaerobaculum","orale"
"895c81393fafc63e9f68c4ab3008707d","Bacteria","Firmicutes","Clostridia","Clostridiales","Lachnospiraceae","Butyrivibrio",NA
"9b002288e2fda7ce9fd517ff237b17fa","Bacteria","[Thermi]","Deinococci","Deinococcales","Deinococcaceae","Deinococcus",NA
"07c452c872427cd35d32ed53b0147bbf","Bacteria","Actinobacteria","Actinobacteria","Bifidobacteriales","Bifidobacteriaceae","Bifidobacterium",NA
"8d29a4b0e2aa4632d98d3b302ea9ef31","Bacteria","Actinobacteria","Actinobacteria","Bifidobacteriales","Bifidobacteriaceae","Bifidobacterium",NA
"73222207c9aa1ada3b05d5f5efa4eec0","Bacteria","Actinobacteria","Actinobacteria","Bifidobacteriales","Bifidobacteriaceae","Alloscardovia",NA
"8dfc6458e03fc189de2974e6a91852d9","Bacteria","Actinobacteria","Actinobacteria","Bifidobacteriales","Bifidobacteriaceae","Scardovia",NA
"ebdc603477df06179adc333ede1f6a32","Bacteria","Actinobacteria","Actinobacteria","Bifidobacteriales","Bifidobacteriaceae","Scardovia",NA
"a2a18fb831f3fe6d690cf3c26918034f","Bacteria","Actinobacteria","Actinobacteria","Actinomycetales","Micrococcaceae","Arthrobacter","agilis"
"013b0ff6e6b3f67b025b9168b7126550","Bacteria","Actinobacteria","Actinobacteria","Actinomycetales","Micrococcaceae","Rothia","mucilaginosa"
"9c847a84ff688e913e85997b9d071ca0","Bacteria","Actinobacteria","Actinobacteria","Actinomycetales","Micrococcaceae","Rothia","mucilaginosa"
"e85e34c0ba855c2e668db26708ee0d4f","Bacteria","Actinobacteria","Actinobacteria","Actinomycetales","Micrococcaceae","Rothia","mucilaginosa"
"f280486137effb019545eb4d700ff8fd","Bacteria","Actinobacteria","Actinobacteria","Actinomycetales","Micrococcaceae","Rothia","mucilaginosa"
"b4192b3f531d68bf43083142eb473463","Bacteria","Actinobacteria","Actinobacteria","Actinomycetales","Micrococcaceae","Rothia","mucilaginosa"
"e39b7b79b0d58824e7e05e484c303847","Bacteria","Actinobacteria","Actinobacteria","Actinomycetales","Micrococcaceae","Rothia","mucilaginosa"
"9124b59a179bb31e518b55417d687c5a","Bacteria","Actinobacteria","Actinobacteria","Actinomycetales","Micrococcaceae","Rothia","dentocariosa"
"43aacdc79e2b71be60774cc08fcff351","Bacteria","Actinobacteria","Actinobacteria","Actinomycetales","Micrococcaceae","Rothia",NA
"a38d5871c6a2558a5483e235b81ccea7","Bacteria","Actinobacteria","Actinobacteria","Actinomycetales","Micrococcaceae","Rothia","aeria"
"e783488708509f26ddc8c0f8bc697020","Bacteria","Actinobacteria","Actinobacteria","Actinomycetales","Micrococcaceae","Kocuria",NA
"2d98692d68e9d9ee5061a9d73be01784","Bacteria","Actinobacteria","Actinobacteria","Actinomycetales","Intrasporangiaceae",NA,NA
"78391ec38b2539112fa50c2abfd70dac","Bacteria","Actinobacteria","Actinobacteria","Actinomycetales","Promicromonosporaceae","Xylanimicrobium",NA
"730904e7fcb1f75a3c9999dd0fd3fd16","Bacteria","Actinobacteria","Actinobacteria","Actinomycetales",NA,NA,NA
"93ee2292fb7bba0dd85945cd08dcce0c","Bacteria","Actinobacteria","Actinobacteria","Actinomycetales","Actinomycetaceae","Actinomyces",NA
"6cf7ee2639e05ea6b555669f91ab8eb6","Bacteria","Actinobacteria","Actinobacteria","Actinomycetales","Actinomycetaceae","Actinomyces",NA
"830fa17391939a14a0b57f3c2eaa5654","Bacteria","Actinobacteria","Actinobacteria","Actinomycetales","Actinomycetaceae","Actinomyces",NA
"372aa4aa6e1fcc3b4998efeec7695453","Bacteria","Actinobacteria","Actinobacteria","Actinomycetales","Actinomycetaceae","Actinomyces",NA
"6b8695a2377807561b0fae506c209a43","Bacteria","Actinobacteria","Actinobacteria","Actinomycetales","Actinomycetaceae","Actinomyces",NA
"1caf5c6b1f9bdb33d8a7a353c7b47a2f","Bacteria","Actinobacteria","Actinobacteria","Actinomycetales","Actinomycetaceae","Actinomyces",NA
"ec77483799b52344af6428d79ab9719c","Bacteria","Actinobacteria","Actinobacteria","Actinomycetales","Actinomycetaceae","Actinomyces",NA
"9c1454b23d7b9e86ad391e0b238ee420","Bacteria","Actinobacteria","Actinobacteria","Actinomycetales","Actinomycetaceae","Actinomyces",NA
"8a69ae456179a438f14ee77d5e214385","Bacteria","Actinobacteria","Actinobacteria","Actinomycetales","Actinomycetaceae","Actinomyces",NA
"7b97c2fb1b5492010ac0f96a677d046b","Bacteria","Actinobacteria","Actinobacteria","Actinomycetales","Actinomycetaceae","Actinomyces",NA
"5dd8bd5b8d859f947e27dc34cc4ecb87","Bacteria","Actinobacteria","Actinobacteria","Actinomycetales","Actinomycetaceae","Actinomyces",NA
"bb433d4564c331ef559f96d53fa2670b","Bacteria","Actinobacteria","Actinobacteria","Actinomycetales","Actinomycetaceae","Actinomyces",NA
"2cce3c7c34439555e36970544da59933","Bacteria","Actinobacteria","Actinobacteria","Actinomycetales","Actinomycetaceae","Actinomyces",NA
"b91d678f146df2f96d21b89e6c8e98c8","Bacteria","Actinobacteria","Actinobacteria","Actinomycetales","Actinomycetaceae","Actinomyces",NA
"93176ee944036faa87ff237ba6e75a1a","Bacteria","Actinobacteria","Actinobacteria","Actinomycetales","Actinomycetaceae","Actinomyces",NA
"67eeddd27a560751dff4bc2bd12e4acc","Bacteria","Actinobacteria","Actinobacteria","Actinomycetales","Actinomycetaceae","Actinomyces",NA
"fde5540f3a06738d19a24a009ffbe803","Bacteria","Actinobacteria","Actinobacteria","Actinomycetales","Brevibacteriaceae","Brevibacterium",NA
"29ea681f78aa3f1ba57173761873549e","Bacteria","Actinobacteria","Actinobacteria","Actinomycetales","Actinomycetaceae",NA,NA
"b0d75d98bd27c070442127479db307bd","Bacteria","Actinobacteria","Actinobacteria","Actinomycetales","Actinomycetaceae",NA,NA
"789510d034e52a5ee4db834a94ed5d76","Bacteria","Actinobacteria","Actinobacteria","Actinomycetales","Mycobacteriaceae","Mycobacterium",NA
"c11985a6bcc2ae63e71922494f360321","Bacteria","Actinobacteria","Actinobacteria","Actinomycetales","Corynebacteriaceae","Corynebacterium","kroppenstedtii"
"caeeec070ee6b349dd246a5c7da9cb98","Bacteria","Actinobacteria","Actinobacteria","Actinomycetales","Corynebacteriaceae","Corynebacterium","simulans"
"816eb9c2c9824d6d36d59c745c7e0824","Bacteria","Actinobacteria","Actinobacteria","Actinomycetales","Corynebacteriaceae","Corynebacterium",NA
"b197fd05e42f02cdb05b25150569a869","Bacteria","Actinobacteria","Actinobacteria","Actinomycetales","Corynebacteriaceae","Corynebacterium","durum"
"c7fbd561062023ced0db0e8b8d9e2fb8","Bacteria","Actinobacteria","Actinobacteria","Actinomycetales","Corynebacteriaceae","Corynebacterium",NA
"8a82820cc1075421faf42ec4285f23b3","Bacteria","Actinobacteria","Actinobacteria","Actinomycetales","Corynebacteriaceae","Corynebacterium",NA
"13862f192552f2fad61e3c092e9876c1","Bacteria","Actinobacteria","Actinobacteria","Actinomycetales","Corynebacteriaceae","Corynebacterium",NA
"427f75edb9daf181b502228f599ec95f","Bacteria","Actinobacteria","Actinobacteria","Actinomycetales","Corynebacteriaceae","Corynebacterium",NA
"7c2b01400fc7df1fd5dae314f9d4e216","Bacteria","Actinobacteria","Actinobacteria","Actinomycetales","Corynebacteriaceae","Corynebacterium",NA
"611f22c4148835b3347e113a625e4b3f","Bacteria","Actinobacteria","Actinobacteria","Actinomycetales","Corynebacteriaceae","Corynebacterium",NA
"cc6669d31bc57687068868bc38e8e168","Bacteria","Actinobacteria","Coriobacteriia","Coriobacteriales","Coriobacteriaceae","Slackia",NA
"5d2483fcdf1c4986847de3e278cf54ec","Bacteria","Actinobacteria","Coriobacteriia","Coriobacteriales","Coriobacteriaceae",NA,NA
"56608c70062b637a3576e2db2af16610","Bacteria","Actinobacteria","Coriobacteriia","Coriobacteriales","Coriobacteriaceae",NA,NA
"24ab30bdaa5f0b7558bdd40ac92a6749","Bacteria","Actinobacteria","Coriobacteriia","Coriobacteriales","Coriobacteriaceae","Olsenella","uli"
"0929f3aba57afc3de5c83f6a7bea3827","Bacteria","Actinobacteria","Coriobacteriia","Coriobacteriales","Coriobacteriaceae","Atopobium",NA
"fb52dc133d5acdf45912a395be5a4f2d","Bacteria","Actinobacteria","Coriobacteriia","Coriobacteriales","Coriobacteriaceae","Atopobium",NA
"2efbb6959a8eacc5eab93bd51c0f0243","Bacteria","Actinobacteria","Coriobacteriia","Coriobacteriales","Coriobacteriaceae","Atopobium",NA
"2a63be26a1fb7438fe4004fd554d1f62","Bacteria","Actinobacteria","Coriobacteriia","Coriobacteriales","Coriobacteriaceae","Atopobium","rimae"
"bba6da0e81f92e0b2af4e957cd69f42e","Bacteria","Actinobacteria","Coriobacteriia","Coriobacteriales","Coriobacteriaceae","Atopobium",NA
"8296bb5a87fed6f75327fb4a31fd3ac9","Bacteria","Firmicutes","Clostridia","Clostridiales","Veillonellaceae","Selenomonas",NA
"fe726095eb6f801ec79f2fe504f9756f","Bacteria","Firmicutes","Clostridia","Clostridiales","Veillonellaceae","Selenomonas",NA
"2d3e1e2d1f389e8a312147ee7aa229b7","Bacteria","Firmicutes","Clostridia","Clostridiales","Veillonellaceae","Selenomonas",NA
"79d01f65a4b4d8cd0af7f45ef1baccc7","Bacteria","Firmicutes","Clostridia","Clostridiales","Veillonellaceae",NA,NA
"ce5c3a7245ba9821b02fc3a42e08abe9","Bacteria","Firmicutes","Clostridia","Clostridiales","Veillonellaceae","Schwartzia",NA
"210a49db29dbb7c8cae3cb0cceba367b","Bacteria","Firmicutes","Clostridia","Clostridiales","Veillonellaceae","Schwartzia",NA
"80a5cb9001fa1356ec097549337a0a64","Bacteria","Firmicutes","Clostridia","Clostridiales","Veillonellaceae","Selenomonas",NA
"caed4c2e090e2d1e223432da096bae12","Bacteria","Firmicutes","Clostridia","Clostridiales","Veillonellaceae","Selenomonas",NA
"93d0fbdd778053d5e0750f1828e779e2","Bacteria","Firmicutes","Clostridia","Clostridiales","Veillonellaceae","Selenomonas","noxia"
"b2b0abd439948e6cf90718d5f2d44413","Bacteria","Firmicutes","Clostridia","Clostridiales","Veillonellaceae","Selenomonas","noxia"
"82ddd4c06c80f04fb3512a37d7fc8af2","Bacteria","Firmicutes","Clostridia","Clostridiales","Veillonellaceae","Selenomonas",NA
"d044567afe1b55548c986b8a55ee8127","Bacteria","Firmicutes","Clostridia","Clostridiales","Veillonellaceae","Selenomonas",NA
"8d8d8350a5ae49e9662e3e4833d4b4c0","Bacteria","Firmicutes","Clostridia","Clostridiales","Veillonellaceae","Selenomonas",NA
"bde427c4f3f38658cacac4f7b9b01572","Bacteria","Firmicutes","Clostridia","Clostridiales","Veillonellaceae","Selenomonas",NA
"080bf9977c7d6e06e488d5a51cb4419f","Bacteria","Firmicutes","Clostridia","Clostridiales","Veillonellaceae","Veillonella",NA
"5be9166c67205b79942c8fb0a1d8ce70","Bacteria","Firmicutes","Clostridia","Clostridiales","Veillonellaceae","Veillonella","dispar"
"425bce5cd053e88ab6a4db6b7758e1d3","Bacteria","Firmicutes","Clostridia","Clostridiales","Veillonellaceae","Veillonella","parvula"
"92c651d649185b912eb14672596aeafb","Bacteria","Firmicutes","Clostridia","Clostridiales","Veillonellaceae","Veillonella","parvula"
"e35af1fb32ad81fce53279b6c70c0be2","Bacteria","Firmicutes","Clostridia","Clostridiales","Veillonellaceae","Veillonella","dispar"
"a3e7fe4a7d72ca249a342ac8652871d7","Bacteria","Firmicutes","Clostridia","Clostridiales","Veillonellaceae","Veillonella","parvula"
"5f21bf27b6de2bb94704fd7870070a2c","Bacteria","Firmicutes","Clostridia","Clostridiales","Veillonellaceae","Veillonella","parvula"
"4432b61329ddcdb750fa891280c65746","Bacteria","Firmicutes","Clostridia","Clostridiales","Veillonellaceae","Veillonella","parvula"
"cc657cf5d99653e66188bb6eafc06b1d","Bacteria","Firmicutes","Clostridia","Clostridiales","Veillonellaceae","Veillonella","parvula"
"acd4fad9fc6ccec0c7b846e91b4e8abe","Bacteria","Firmicutes","Clostridia","Clostridiales","Veillonellaceae","Veillonella","parvula"
"3ac76590d5da6d07d315a935faa1e03b","Bacteria","Firmicutes","Clostridia","Clostridiales","Veillonellaceae","Veillonella","parvula"
"a9ac02fb5df820f45f98bdded70b3bcf","Bacteria","Firmicutes","Clostridia","Clostridiales","Veillonellaceae","Veillonella","parvula"
"380ae26b84eb6ffd86008491b751b15e","Bacteria","Firmicutes","Clostridia","Clostridiales","Veillonellaceae","Veillonella","parvula"
"bb0c9de213cab6d46bba15b351b61786","Bacteria","Firmicutes","Clostridia","Clostridiales","Veillonellaceae","Veillonella",NA
"389d7d7ec292bab290629674546c6c9d","Bacteria","Firmicutes","Clostridia","Clostridiales","Veillonellaceae","Veillonella","parvula"
"4ecacb7bba7ccdd23cf8fd020d69911d","Bacteria","Firmicutes","Clostridia","Clostridiales","Veillonellaceae","Veillonella","dispar"
"72666ed8aa021e3cd17a56bb9136dfcb","Bacteria","Firmicutes","Clostridia","Clostridiales","Veillonellaceae","Veillonella","dispar"
"71f91742060f1eab61ed34935119e316","Bacteria","Firmicutes","Clostridia","Clostridiales","Veillonellaceae","Veillonella","dispar"
"5c76bdf5d4af155634aae61fcd866804","Bacteria","Firmicutes","Clostridia","Clostridiales","Veillonellaceae","Veillonella","dispar"
"c501ad4c63ecd4e1335eb7ce69ea948f","Bacteria","Firmicutes","Clostridia","Clostridiales","Veillonellaceae","Veillonella","dispar"
"eaf11486cebbe4a6cf614bfff0cd4303","Bacteria","Firmicutes","Clostridia","Clostridiales","Veillonellaceae","Veillonella","dispar"
"e10df57b0b805352d72fb55b33955027","Bacteria","Firmicutes","Clostridia","Clostridiales","Veillonellaceae","Veillonella","dispar"
"b15cbe0adbec68df053ff6d90d1a2a87","Bacteria","Firmicutes","Clostridia","Clostridiales","Veillonellaceae","Veillonella","dispar"
"59f3821b019d7e7828ed53437c975864","Bacteria","Firmicutes","Clostridia","Clostridiales","Veillonellaceae","Veillonella","dispar"
"dc1b53f09d8bab25827d96e064fe8bd4","Bacteria","Firmicutes","Clostridia","Clostridiales","Veillonellaceae","Veillonella",NA
"4783e4af2048d3e7ae65932d1c096499","Bacteria","Firmicutes","Clostridia","Clostridiales","Veillonellaceae","Veillonella",NA
"05131eda47202ff9fac2775b1cd653e8","Bacteria","Firmicutes","Clostridia","Clostridiales","Veillonellaceae","Dialister",NA
"c32dc51b391201fa7fadf6955cb9c70b","Bacteria","Firmicutes","Clostridia","Clostridiales","Veillonellaceae","Dialister",NA
"066a26869b150e119af1ba42c9560827","Bacteria","Firmicutes","Clostridia","Clostridiales","Veillonellaceae","Megasphaera",NA
"a58b0b27242af8474cf5b449b93c92fd","Bacteria","Firmicutes","Clostridia","Clostridiales","Veillonellaceae","Megasphaera",NA
"bca692028b1ee1985a0a79829ae1be34","Bacteria","Firmicutes","Clostridia","Clostridiales","Veillonellaceae","Megasphaera",NA
"516aa768e2e478bbb55a3bc784dafd22","Bacteria","Firmicutes","Clostridia","Clostridiales","Veillonellaceae","Megasphaera",NA
"2564f5ff552c20bcbef2f375211633c1","Bacteria","Firmicutes","Clostridia","Clostridiales","Veillonellaceae","Megasphaera",NA
"cfa84dc06275c19d981cd4a32afe8181","Bacteria","Synergistetes","Synergistia","Synergistales","Dethiosulfovibrionaceae","TG5",NA
"874f78cb8c11ace5142fd36896f62306","Bacteria","Synergistetes","Synergistia","Synergistales","Dethiosulfovibrionaceae","TG5",NA
"4a015ee816034bf13159df4cc5835196","Bacteria","Synergistetes","Synergistia","Synergistales","Dethiosulfovibrionaceae","TG5",NA
"4b54ca7238f26d9f9d98dc059bbf4ae1","Bacteria","Cyanobacteria","Chloroplast","Streptophyta",NA,NA,NA
"58f1a3e04afb2a0a886395daf195d3a6","Bacteria","Cyanobacteria","4C0d-2","MLE1-12",NA,NA,NA
"edb746a89c7468efd070259602554105","Bacteria","Firmicutes","Bacilli","Lactobacillales","Streptococcaceae","Streptococcus","sobrinus"
"c2b2744261b47beac24bd346f56f07c0","Bacteria","Firmicutes","Bacilli","Lactobacillales","Streptococcaceae","Streptococcus",NA
"0b895faa4797881797ee3531aa110a4f","Bacteria","Firmicutes","Bacilli","Lactobacillales","Streptococcaceae","Streptococcus","agalactiae"
"03ea49ad81440286f3ddb285b017de95","Bacteria","Firmicutes","Bacilli","Lactobacillales","Streptococcaceae","Streptococcus","anginosus"
"1dd61a7d4ae7f1a1eea4c91a68f98c14","Bacteria","Firmicutes","Bacilli","Lactobacillales","Streptococcaceae","Streptococcus","anginosus"
"7231e8b987d858ec70d33ea5832b3681","Bacteria","Firmicutes","Bacilli","Lactobacillales","Streptococcaceae","Streptococcus","anginosus"
"df369ccc6a47d8415233720d21815032","Bacteria","Firmicutes","Bacilli","Lactobacillales","Streptococcaceae","Streptococcus","anginosus"
"ce7df24d977a6c4d2a6a088990de697a","Bacteria","Firmicutes","Bacilli","Lactobacillales","Streptococcaceae","Streptococcus",NA
"2e4530b5ce6cdbbda9d793e125022b8e","Bacteria","Firmicutes","Bacilli","Lactobacillales","Streptococcaceae","Streptococcus",NA
"92bad12f6583155cd220fc161811a62c","Bacteria","Firmicutes","Bacilli","Lactobacillales","Streptococcaceae","Streptococcus",NA
"2e60a2b63ef994fe9a9f8de5efe538c2","Bacteria","Firmicutes","Bacilli","Lactobacillales","Streptococcaceae","Streptococcus",NA
"a6487105ebc335e40f8c051c79d155b6","Bacteria","Firmicutes","Bacilli","Lactobacillales","Streptococcaceae","Streptococcus",NA
"cb594f22668b7c15b70224e0e0b0990b","Bacteria","Firmicutes","Bacilli","Lactobacillales","Streptococcaceae","Streptococcus",NA
"78e14178d228d105e21d13c68f47afe5","Bacteria","Firmicutes","Bacilli","Lactobacillales","Streptococcaceae","Streptococcus",NA
"6cc14da1c4b8c71c910fe87e8ebab5da","Bacteria","Firmicutes","Bacilli","Lactobacillales","Streptococcaceae","Streptococcus",NA
"472434e109119959ab324f1d5cdcf6a2","Bacteria","Firmicutes","Bacilli","Lactobacillales","Streptococcaceae","Streptococcus",NA
"b25c7841ee759f3742418239f308ffd3","Bacteria","Firmicutes","Bacilli","Lactobacillales","Streptococcaceae","Streptococcus",NA
"9ce8003869d48ca9e25c40a9792bc563","Bacteria","Firmicutes","Bacilli","Lactobacillales","Streptococcaceae","Streptococcus",NA
"f6210c3fb4f8751ae57d9113df947710","Bacteria","Firmicutes","Bacilli","Lactobacillales","Streptococcaceae","Streptococcus",NA
"70fb949bff5afa1507a61597f52f5d8e","Bacteria","Firmicutes","Bacilli","Lactobacillales","Streptococcaceae","Streptococcus",NA
"d3d16f870dfadf956370c3aba43e4098","Bacteria","Firmicutes","Bacilli","Lactobacillales","Streptococcaceae","Streptococcus",NA
"64aacc770da6fb377ff3f19b4c72c5fa","Bacteria","Firmicutes","Bacilli","Lactobacillales","Streptococcaceae","Streptococcus",NA
"0a1db36ce6456f4ddf71221b4ce69372","Bacteria","Firmicutes","Bacilli","Lactobacillales","Streptococcaceae","Streptococcus",NA
"97214637bd3f18ff4e53b99b4a771358","Bacteria","Firmicutes","Bacilli","Lactobacillales","Streptococcaceae","Streptococcus",NA
"882c8043617aa3844e1e1743c7e6bc81","Bacteria","Firmicutes","Bacilli","Lactobacillales","Streptococcaceae","Lactococcus",NA
"4bf54a44bb85f2739e3520ace97b4eae","Bacteria","Firmicutes","Bacilli","Lactobacillales","Aerococcaceae","Abiotrophia",NA
"91c1fe3593f6b6f2f065f364aede6bda","Bacteria","Firmicutes","Bacilli","Lactobacillales","Carnobacteriaceae","Granulicatella",NA
"0d16e4a21f8651ac2f2e3318c8bef6e5","Bacteria","Firmicutes","Bacilli","Lactobacillales","Carnobacteriaceae",NA,NA
"9f8b16f780589d38ccbb4a92b6cc258b","Bacteria","Firmicutes","Bacilli","Lactobacillales",NA,NA,NA
"ef2e0f6aa32b8826d130885e2305d4c1","Bacteria","Firmicutes","Bacilli","Lactobacillales",NA,NA,NA
"0f749f198f5e6f0370526def476f1203","Bacteria","Firmicutes","Bacilli","Lactobacillales",NA,NA,NA
"64c59cb5c58ec9cd278831691106d972","Bacteria","Firmicutes","Bacilli","Lactobacillales","Carnobacteriaceae",NA,NA
"69bd497b811e1329f1ba4573e73c1ff1","Bacteria","Firmicutes","Bacilli","Lactobacillales","Carnobacteriaceae",NA,NA
"fdb77967f908752412f454de1ff74bbf","Bacteria","Firmicutes","Bacilli","Lactobacillales","Aerococcaceae","Alloiococcus",NA
"b88d43d352c3129a3a229e93367df837","Bacteria","Firmicutes","Bacilli","Lactobacillales","Lactobacillaceae","Lactobacillus","zeae"
"3e3551fdb1d0737d832da4e7f882e3ed","Bacteria","Firmicutes","Bacilli","Lactobacillales","Lactobacillaceae","Lactobacillus",NA
"6658f31f4b3defccbc037636b27672e0","Bacteria","Firmicutes","Bacilli","Lactobacillales","Lactobacillaceae","Lactobacillus","iners"
"a8232b9e5fc8ad81ceda57fce3f52622","Bacteria","Firmicutes","Bacilli","Lactobacillales","Lactobacillaceae","Lactobacillus",NA
"c33507209d9aff8135ca7367f77a152f","Bacteria","Firmicutes","Bacilli","Lactobacillales","Lactobacillaceae","Lactobacillus",NA
"21b967d1d8b72e89b56e14a01ab7c124","Bacteria","Firmicutes","Bacilli","Gemellales","Gemellaceae",NA,NA
"c2d41dc0a7b8eaedcf4697512aee4427","Bacteria","Firmicutes","Bacilli","Bacillales","Staphylococcaceae","Staphylococcus",NA
"784ed010a6f767dcb57e26121152233f","Bacteria","Firmicutes","Bacilli","Bacillales","Staphylococcaceae","Staphylococcus",NA
"46aeade852c15f637bff57aa853bda81","Bacteria","Firmicutes","Bacilli","Bacillales","Staphylococcaceae","Staphylococcus",NA
"e982c5a91497a8f7e38f2b0cab7cff2d","Bacteria","Firmicutes","Bacilli","Bacillales","Staphylococcaceae","Staphylococcus","pettenkoferi"
"bd26e587c8c3253992702439272f462a","Bacteria","Firmicutes","Bacilli","Bacillales","Staphylococcaceae","Staphylococcus",NA
"74453adf1ebb5a4b41bd078f450a92bd","Bacteria","Firmicutes","Bacilli","Bacillales","Bacillaceae","Bacillus","halodurans"
